image1	dummy
image2	kit fox
image3	English setter
image4	Siberian husky
image5	Australian terrier
image6	English springer
image7	grey whale
image8	lesser panda
image9	Egyptian cat
image10	ibex
image11	Persian cat
image12	cougar
image13	gazelle
image14	porcupine
image15	sea lion
image16	malamute
image17	badger
image18	Great Dane
image19	Walker hound
image20	Welsh springer spaniel
image21	whippet
image22	Scottish deerhound
image23	killer whale
image24	mink
image25	African elephant
image26	Weimaraner
image27	soft-coated wheaten terrier
image28	Dandie Dinmont
image29	red wolf
image30	Old English sheepdog
image31	jaguar
image32	otterhound
image33	bloodhound
image34	Airedale
image35	hyena
image36	meerkat
image37	giant schnauzer
image38	titi
image39	three-toed sloth
image40	sorrel
image41	black-footed ferret
image42	dalmatian
image43	black-and-tan coonhound
image44	papillon
image45	skunk
image46	Staffordshire bullterrier
image47	Mexican hairless
image48	Bouvier des Flandres
image49	weasel
image50	miniature poodle
image51	Cardigan
image52	malinois
image53	bighorn
image54	fox squirrel
image55	colobus
image56	tiger cat
image57	Lhasa
image58	impala
image59	coyote
image60	Yorkshire terrier
image61	Newfoundland
image62	brown bear
image63	red fox
image64	Norwegian elkhound
image65	Rottweiler
image66	hartebeest
image67	Saluki
image68	grey fox
image69	schipperke
image70	Pekinese
image71	Brabancon griffon
image72	West Highland white terrier
image73	Sealyham terrier
image74	guenon
image75	mongoose
image76	indri
image77	tiger
image78	Irish wolfhound
image79	wild boar
image80	EntleBucher
image81	zebra
image82	ram
image83	French bulldog
image84	orangutan
image85	basenji
image86	leopard
image87	Bernese mountain dog
image88	Maltese dog
image89	Norfolk terrier
image90	toy terrier
image91	vizsla
image92	cairn
image93	squirrel monkey
image94	groenendael
image95	clumber
image96	Siamese cat
image97	chimpanzee
image98	komondor
image99	Afghan hound
image100	Japanese spaniel
image101	proboscis monkey
image102	guinea pig
image103	white wolf
image104	ice bear
image105	gorilla
image106	borzoi
image107	toy poodle
image108	Kerry blue terrier
image109	ox
image110	Scotch terrier
image111	Tibetan mastiff
image112	spider monkey
image113	Doberman
image114	Boston bull
image115	Greater Swiss Mountain dog
image116	Appenzeller
image117	Shih-Tzu
image118	Irish water spaniel
image119	Pomeranian
image120	Bedlington terrier
image121	warthog
image122	Arabian camel
image123	siamang
image124	miniature schnauzer
image125	collie
image126	golden retriever
image127	Irish terrier
image128	affenpinscher
image129	Border collie
image130	hare
image131	boxer
image132	silky terrier
image133	beagle
image134	Leonberg
image135	German short-haired pointer
image136	patas
image137	dhole
image138	baboon
image139	macaque
image140	Chesapeake Bay retriever
image141	bull mastiff
image142	kuvasz
image143	capuchin
image144	pug
image145	curly-coated retriever
image146	Norwich terrier
image147	flat-coated retriever
image148	hog
image149	keeshond
image150	Eskimo dog
image151	Brittany spaniel
image152	standard poodle
image153	Lakeland terrier
image154	snow leopard
image155	Gordon setter
image156	dingo
image157	standard schnauzer
image158	hamster
image159	Tibetan terrier
image160	Arctic fox
image161	wire-haired fox terrier
image162	basset
image163	water buffalo
image164	American black bear
image165	Angora
image166	bison
image167	howler monkey
image168	hippopotamus
image169	chow
image170	giant panda
image171	American Staffordshire terrier
image172	Shetland sheepdog
image173	Great Pyrenees
image174	Chihuahua
image175	tabby
image176	marmoset
image177	Labrador retriever
image178	Saint Bernard
image179	armadillo
image180	Samoyed
image181	bluetick
image182	redbone
image183	polecat
image184	marmot
image185	kelpie
image186	gibbon
image187	llama
image188	miniature pinscher
image189	wood rabbit
image190	Italian greyhound
image191	lion
image192	cocker spaniel
image193	Irish setter
image194	dugong
image195	Indian elephant
image196	beaver
image197	Sussex spaniel
image198	Pembroke
image199	Blenheim spaniel
image200	Madagascar cat
image201	Rhodesian ridgeback
image202	lynx
image203	African hunting dog
image204	langur
image205	Ibizan hound
image206	timber wolf
image207	cheetah
image208	English foxhound
image209	briard
image210	sloth bear
image211	Border terrier
image212	German shepherd
image213	otter
image214	koala
image215	tusker
image216	echidna
image217	wallaby
image218	platypus
image219	wombat
image220	revolver
image221	umbrella
image222	schooner
image223	soccer ball
image224	accordion
image225	ant
image226	starfish
image227	chambered nautilus
image228	grand piano
image229	laptop
image230	strawberry
image231	airliner
image232	warplane
image233	airship
image234	balloon
image235	space shuttle
image236	fireboat
image237	gondola
image238	speedboat
image239	lifeboat
image240	canoe
image241	yawl
image242	catamaran
image243	trimaran
image244	container ship
image245	liner
image246	pirate
image247	aircraft carrier
image248	submarine
image249	wreck
image250	half track
image251	tank
image252	missile
image253	bobsled
image254	dogsled
image255	bicycle-built-for-two
image256	mountain bike
image257	freight car
image258	passenger car
image259	barrow
image260	shopping cart
image261	motor scooter
image262	forklift
image263	electric locomotive
image264	steam locomotive
image265	amphibian
image266	ambulance
image267	beach wagon
image268	cab
image269	convertible
image270	jeep
image271	limousine
image272	minivan
image273	Model T
image274	racer
image275	sports car
image276	go-kart
image277	golfcart
image278	moped
image279	snowplow
image280	fire engine
image281	garbage truck
image282	pickup
image283	tow truck
image284	trailer truck
image285	moving van
image286	police van
image287	recreational vehicle
image288	streetcar
image289	snowmobile
image290	tractor
image291	mobile home
image292	tricycle
image293	unicycle
image294	horse cart
image295	jinrikisha
image296	oxcart
image297	bassinet
image298	cradle
image299	crib
image300	four-poster
image301	bookcase
image302	china cabinet
image303	medicine chest
image304	chiffonier
image305	table lamp
image306	file
image307	park bench
image308	barber chair
image309	throne
image310	folding chair
image311	rocking chair
image312	studio couch
image313	toilet seat
image314	desk
image315	pool table
image316	dining table
image317	entertainment center
image318	wardrobe
image319	Granny Smith
image320	orange
image321	lemon
image322	fig
image323	pineapple
image324	banana
image325	jackfruit
image326	custard apple
image327	pomegranate
image328	acorn
image329	hip
image330	ear
image331	rapeseed
image332	corn
image333	buckeye
image334	organ
image335	upright
image336	chime
image337	drum
image338	gong
image339	maraca
image340	marimba
image341	steel drum
image342	banjo
image343	cello
image344	violin
image345	harp
image346	acoustic guitar
image347	electric guitar
image348	cornet
image349	French horn
image350	trombone
image351	harmonica
image352	ocarina
image353	panpipe
image354	bassoon
image355	oboe
image356	sax
image357	flute
image358	daisy
image359	yellow lady's slipper
image360	cliff
image361	valley
image362	alp
image363	volcano
image364	promontory
image365	sandbar
image366	coral reef
image367	lakeside
image368	seashore
image369	geyser
image370	hatchet
image371	cleaver
image372	letter opener
image373	plane
image374	power drill
image375	lawn mower
image376	hammer
image377	corkscrew
image378	can opener
image379	plunger
image380	screwdriver
image381	shovel
image382	plow
image383	chain saw
image384	cock
image385	hen
image386	ostrich
image387	brambling
image388	goldfinch
image389	house finch
image390	junco
image391	indigo bunting
image392	robin
image393	bulbul
image394	jay
image395	magpie
image396	chickadee
image397	water ouzel
image398	kite
image399	bald eagle
image400	vulture
image401	great grey owl
image402	black grouse
image403	ptarmigan
image404	ruffed grouse
image405	prairie chicken
image406	peacock
image407	quail
image408	partridge
image409	African grey
image410	macaw
image411	sulphur-crested cockatoo
image412	lorikeet
image413	coucal
image414	bee eater
image415	hornbill
image416	hummingbird
image417	jacamar
image418	toucan
image419	drake
image420	red-breasted merganser
image421	goose
image422	black swan
image423	white stork
image424	black stork
image425	spoonbill
image426	flamingo
image427	American egret
image428	little blue heron
image429	bittern
image430	crane
image431	limpkin
image432	American coot
image433	bustard
image434	ruddy turnstone
image435	red-backed sandpiper
image436	redshank
image437	dowitcher
image438	oystercatcher
image439	European gallinule
image440	pelican
image441	king penguin
image442	albatross
image443	great white shark
image444	tiger shark
image445	hammerhead
image446	electric ray
image447	stingray
image448	barracouta
image449	coho
image450	tench
image451	goldfish
image452	eel
image453	rock beauty
image454	anemone fish
image455	lionfish
image456	puffer
image457	sturgeon
image458	gar
image459	loggerhead
image460	leatherback turtle
image461	mud turtle
image462	terrapin
image463	box turtle
image464	banded gecko
image465	common iguana
image466	American chameleon
image467	whiptail
image468	agama
image469	frilled lizard
image470	alligator lizard
image471	Gila monster
image472	green lizard
image473	African chameleon
image474	Komodo dragon
image475	triceratops
image476	African crocodile
image477	American alligator
image478	thunder snake
image479	ringneck snake
image480	hognose snake
image481	green snake
image482	king snake
image483	garter snake
image484	water snake
image485	vine snake
image486	night snake
image487	boa constrictor
image488	rock python
image489	Indian cobra
image490	green mamba
image491	sea snake
image492	horned viper
image493	diamondback
image494	sidewinder
image495	European fire salamander
image496	common newt
image497	eft
image498	spotted salamander
image499	axolotl
image500	bullfrog
image501	tree frog
image502	tailed frog
image503	whistle
image504	wing
image505	paintbrush
image506	hand blower
image507	oxygen mask
image508	snorkel
image509	loudspeaker
image510	microphone
image511	screen
image512	mouse
image513	electric fan
image514	oil filter
image515	strainer
image516	space heater
image517	stove
image518	guillotine
image519	barometer
image520	rule
image521	odometer
image522	scale
image523	analog clock
image524	digital clock
image525	wall clock
image526	hourglass
image527	sundial
image528	parking meter
image529	stopwatch
image530	digital watch
image531	stethoscope
image532	syringe
image533	magnetic compass
image534	binoculars
image535	projector
image536	sunglasses
image537	loupe
image538	radio telescope
image539	bow
image540	cannon [ground]
image541	assault rifle
image542	rifle
image543	projectile
image544	computer keyboard
image545	typewriter keyboard
image546	crane
image547	lighter
image548	abacus
image549	cash machine
image550	slide rule
image551	desktop computer
image552	hand-held computer
image553	notebook
image554	web site
image555	harvester
image556	thresher
image557	printer
image558	slot
image559	vending machine
image560	sewing machine
image561	joystick
image562	switch
image563	hook
image564	car wheel
image565	paddlewheel
image566	pinwheel
image567	potter's wheel
image568	gas pump
image569	carousel
image570	swing
image571	reel
image572	radiator
image573	puck
image574	hard disc
image575	sunglass
image576	pick
image577	car mirror
image578	solar dish
image579	remote control
image580	disk brake
image581	buckle
image582	hair slide
image583	knot
image584	combination lock
image585	padlock
image586	nail
image587	safety pin
image588	screw
image589	muzzle
image590	seat belt
image591	ski
image592	candle
image593	jack-o'-lantern
image594	spotlight
image595	torch
image596	neck brace
image597	pier
image598	tripod
image599	maypole
image600	mousetrap
image601	spider web
image602	trilobite
image603	harvestman
image604	scorpion
image605	black and gold garden spider
image606	barn spider
image607	garden spider
image608	black widow
image609	tarantula
image610	wolf spider
image611	tick
image612	centipede
image613	isopod
image614	Dungeness crab
image615	rock crab
image616	fiddler crab
image617	king crab
image618	American lobster
image619	spiny lobster
image620	crayfish
image621	hermit crab
image622	tiger beetle
image623	ladybug
image624	ground beetle
image625	long-horned beetle
image626	leaf beetle
image627	dung beetle
image628	rhinoceros beetle
image629	weevil
image630	fly
image631	bee
image632	grasshopper
image633	cricket
image634	walking stick
image635	cockroach
image636	mantis
image637	cicada
image638	leafhopper
image639	lacewing
image640	dragonfly
image641	damselfly
image642	admiral
image643	ringlet
image644	monarch
image645	cabbage butterfly
image646	sulphur butterfly
image647	lycaenid
image648	jellyfish
image649	sea anemone
image650	brain coral
image651	flatworm
image652	nematode
image653	conch
image654	snail
image655	slug
image656	sea slug
image657	chiton
image658	sea urchin
image659	sea cucumber
image660	iron
image661	espresso maker
image662	microwave
image663	Dutch oven
image664	rotisserie
image665	toaster
image666	waffle iron
image667	vacuum
image668	dishwasher
image669	refrigerator
image670	washer
image671	Crock Pot
image672	frying pan
image673	wok
image674	caldron
image675	coffeepot
image676	teapot
image677	spatula
image678	altar
image679	triumphal arch
image680	patio
image681	steel arch bridge
image682	suspension bridge
image683	viaduct
image684	barn
image685	greenhouse
image686	palace
image687	monastery
image688	library
image689	apiary
image690	boathouse
image691	church
image692	mosque
image693	stupa
image694	planetarium
image695	restaurant
image696	cinema
image697	home theater
image698	lumbermill
image699	coil
image700	obelisk
image701	totem pole
image702	castle
image703	prison
image704	grocery store
image705	bakery
image706	barbershop
image707	bookshop
image708	butcher shop
image709	confectionery
image710	shoe shop
image711	tobacco shop
image712	toyshop
image713	fountain
image714	cliff dwelling
image715	yurt
image716	dock
image717	brass
image718	megalith
image719	bannister
image720	breakwater
image721	dam
image722	chainlink fence
image723	picket fence
image724	worm fence
image725	stone wall
image726	grille
image727	sliding door
image728	turnstile
image729	mountain tent
image730	scoreboard
image731	honeycomb
image732	plate rack
image733	pedestal
image734	beacon
image735	mashed potato
image736	bell pepper
image737	head cabbage
image738	broccoli
image739	cauliflower
image740	zucchini
image741	spaghetti squash
image742	acorn squash
image743	butternut squash
image744	cucumber
image745	artichoke
image746	cardoon
image747	mushroom
image748	shower curtain
image749	jean
image750	carton
image751	handkerchief
image752	sandal
image753	ashcan
image754	safe
image755	plate
image756	necklace
image757	croquet ball
image758	fur coat
image759	thimble
image760	pajama
image761	running shoe
image762	cocktail shaker
image763	chest
image764	manhole cover
image765	modem
image766	tub
image767	tray
image768	balance beam
image769	bagel
image770	prayer rug
image771	kimono
image772	hot pot
image773	whiskey jug
image774	knee pad
image775	book jacket
image776	spindle
image777	ski mask
image778	beer bottle
image779	crash helmet
image780	bottlecap
image781	tile roof
image782	mask
image783	maillot
image784	Petri dish
image785	football helmet
image786	bathing cap
image787	teddy bear
image788	holster
image789	pop bottle
image790	photocopier
image791	vestment
image792	crossword puzzle
image793	golf ball
image794	trifle
image795	suit
image796	water tower
image797	feather boa
image798	cloak
image799	red wine
image800	drumstick
image801	shield
image802	Christmas stocking
image803	hoopskirt
image804	menu
image805	stage
image806	bonnet
image807	meat loaf
image808	baseball
image809	face powder
image810	scabbard
image811	sunscreen
image812	beer glass
image813	hen-of-the-woods
image814	guacamole
image815	lampshade
image816	wool
image817	hay
image818	bow tie
image819	mailbag
image820	water jug
image821	bucket
image822	dishrag
image823	soup bowl
image824	eggnog
image825	mortar
image826	trench coat
image827	paddle
image828	chain
image829	swab
image830	mixing bowl
image831	potpie
image832	wine bottle
image833	shoji
image834	bulletproof vest
image835	drilling platform
image836	binder
image837	cardigan
image838	sweatshirt
image839	pot
image840	birdhouse
image841	hamper
image842	ping-pong ball
image843	pencil box
image844	pay-phone
image845	consomme
image846	apron
image847	punching bag
image848	backpack
image849	groom
image850	bearskin
image851	pencil sharpener
image852	broom
image853	mosquito net
image854	abaya
image855	mortarboard
image856	poncho
image857	crutch
image858	Polaroid camera
image859	space bar
image860	cup
image861	racket
image862	traffic light
image863	quill
image864	radio
image865	dough
image866	cuirass
image867	military uniform
image868	lipstick
image869	shower cap
image870	monitor
image871	oscilloscope
image872	mitten
image873	brassiere
image874	French loaf
image875	vase
image876	milk can
image877	rugby ball
image878	paper towel
image879	earthstar
image880	envelope
image881	miniskirt
image882	cowboy hat
image883	trolleybus
image884	perfume
image885	bathtub
image886	hotdog
image887	coral fungus
image888	bullet train
image889	pillow
image890	toilet tissue
image891	cassette
image892	carpenter's kit
image893	ladle
image894	stinkhorn
image895	lotion
image896	hair spray
image897	academic gown
image898	dome
image899	crate
image900	wig
image901	burrito
image902	pill bottle
image903	chain mail
image904	theater curtain
image905	window shade
image906	barrel
image907	washbasin
image908	ballpoint
image909	basketball
image910	bath towel
image911	cowboy boot
image912	gown
image913	window screen
image914	agaric
image915	cellular telephone
image916	nipple
image917	barbell
image918	mailbox
image919	lab coat
image920	fire screen
image921	minibus
image922	packet
image923	maze
image924	pole
image925	horizontal bar
image926	sombrero
image927	pickelhaube
image928	rain barrel
image929	wallet
image930	cassette player
image931	comic book
image932	piggy bank
image933	street sign
image934	bell cote
image935	fountain pen
image936	Windsor tie
image937	volleyball
image938	overskirt
image939	sarong
image940	purse
image941	bolo tie
image942	bib
image943	parachute
image944	sleeping bag
image945	television
image946	swimming trunks
image947	measuring cup
image948	espresso
image949	pizza
image950	breastplate
image951	shopping basket
image952	wooden spoon
image953	saltshaker
image954	chocolate sauce
image955	ballplayer
image956	goblet
image957	gyromitra
image958	stretcher
image959	water bottle
image960	dial telephone
image961	soap dispenser
image962	jersey
image963	school bus
image964	jigsaw puzzle
image965	plastic bag
image966	reflex camera
image967	diaper
image968	Band Aid
image969	ice lolly
image970	velvet
image971	tennis ball
image972	gasmask
image973	doormat
image974	Loafer
image975	ice cream
image976	pretzel
image977	quilt
image978	maillot
image979	tape player
image980	clog
image981	iPod
image982	bolete
image983	scuba diver
image984	pitcher
image985	matchstick
image986	bikini
image987	sock
image988	CD player
image989	lens cap
image990	thatch
image991	vault
image992	beaker
image993	bubble
image994	cheeseburger
image995	parallel bars
image996	flagpole
image997	coffee mug
image998	rubber eraser
image999	stole
image1000	carbonara
image1001	dumbbell
